{
  "ada": {
    "revision": "42cc2eb141529b03a91c18ec8646a0a58fb111ba"
  },
  "agda": {
    "revision": "80ea622cf952a0059e168e5c92a798b2f1925652"
  },
  "arduino": {
    "revision": "257efffa387da3283a37816b71dedfecf4af5222"
  },
  "astro": {
    "revision": "a1f66bf72ed68b87f779bce9a52e5c6521fc867e"
  },
  "awk": {
    "revision": "e559793754c60c2cdf00cbb0409842d75f0a41dc"
  },
  "bash": {
    "revision": "7f9506c34ab6a0f4e3e052b7a49cbeef91f71236"
  },
  "beancount": {
    "revision": "f3741a3a68ade59ec894ed84a64673494d2ba8f3"
  },
  "bibtex": {
    "revision": "ccfd77db0ed799b6c22c214fe9d2937f47bc8b34"
  },
  "bicep": {
    "revision": "b94a0983b69ebb75e9129329a188199ad6ebcec0"
  },
  "blueprint": {
    "revision": "6ef91ca8270f0112b9c6d27ecb9966c741a5d103"
  },
  "c": {
    "revision": "f35789006ccbe5be8db21d1a2dd4cc0b5a1286f2"
  },
  "c_sharp": {
    "revision": "fcacbeb4af6bcdcfb4527978a997bb03f4fe086d"
  },
  "capnp": {
    "revision": "fc6e2addf103861b9b3dffb82c543eb6b71061aa"
  },
  "chatito": {
    "revision": "3baf22e7e507cedf15d1dbc03df8afa50a625586"
  },
  "clojure": {
    "revision": "421546c2547c74d1d9a0d8c296c412071d37e7ca"
  },
  "cmake": {
    "revision": "399605a02bcd5daa309ce63a6459c600dce3473f"
  },
  "comment": {
    "revision": "a37ca370310ac6f89b6e0ebf2b86b2219780494e"
  },
  "commonlisp": {
    "revision": "c7e814975ab0d0d04333d1f32391c41180c58919"
  },
  "cooklang": {
    "revision": "5e113412aadb78955c27010daa4dbe1d202013cf"
  },
  "cpon": {
    "revision": "eedb93bf9e22e82ed6a67e6c57fd78731b44f591"
  },
  "cpp": {
    "revision": "03fa93db133d6048a77d4de154a7b17ea8b9d076"
  },
  "css": {
    "revision": "769203d0f9abe1a9a691ac2b9fe4bb4397a73c51"
  },
  "cuda": {
    "revision": "91c3ca3e42326e0f7b83c82765940bbf7f91c847"
  },
  "cue": {
    "revision": "4ffcda8c2bdfee1c2ba786cd503d0508ea92cca2"
  },
  "d": {
    "revision": "c2fbf21bd3aa45495fe13247e040ad5815250032"
  },
  "dart": {
    "revision": "53485a8f301254e19c518aa20c80f1bcf7cf5c62"
  },
  "devicetree": {
    "revision": "ea30a05d0f0446a96d8b096ad11828ad4f8ad849"
  },
  "dhall": {
    "revision": "affb6ee38d629c9296749767ab832d69bb0d9ea8"
  },
  "diff": {
    "revision": "f69bde8e56f431863eba2fe4bab23e7d9692855f"
  },
  "dockerfile": {
    "revision": "8ee3a0f7587b2bd8c45c8cb7d28bd414604aec62"
  },
  "dot": {
    "revision": "9ab85550c896d8b294d9b9ca1e30698736f08cea"
  },
  "ebnf": {
    "revision": "8e635b0b723c620774dfb8abf382a7f531894b40"
  },
  "eex": {
    "revision": "f742f2fe327463335e8671a87c0b9b396905d1d1"
  },
  "elixir": {
    "revision": "b20eaa75565243c50be5e35e253d8beb58f45d56"
  },
  "elm": {
    "revision": "28bb193640d916dfaf947912c1413cebb0484841"
  },
  "elsa": {
    "revision": "0a66b2b3f3c1915e67ad2ef9f7dbd2a84820d9d7"
  },
  "elvish": {
    "revision": "f32711e31e987fd5c2c002f3daba02f25c68672f"
  },
  "embedded_template": {
    "revision": "203f7bd3c1bbfbd98fc19add4b8fcb213c059205"
  },
  "erlang": {
    "revision": "9fe5cdfab0f0d753112e9949a3501f64b75a3d92"
  },
  "fennel": {
    "revision": "517195970428aacca60891b050aa53eabf4ba78d"
  },
  "fish": {
    "revision": "f9176908c9eb2e11eb684d79e1d00f3b29bd65c9"
  },
  "foam": {
    "revision": "c238f4af9a5723a212cf1a4c9b31dd5c1d5270a2"
  },
  "fortran": {
    "revision": "31552ac43ecaffa443a12ebea68cc526d334892f"
  },
  "fsh": {
    "revision": "fa3347712f7a59ed02ccf508284554689c6cde28"
  },
  "func": {
    "revision": "f161cfe22452b386eeeab29ba0d2c14893f1a31f"
  },
  "fusion": {
    "revision": "19db2f47ba4c3a0f6238d4ae0e2abfca16e61dd6"
  },
  "gdscript": {
    "revision": "a4b57cc3bcbfc24550e858159647e9238e7ad1ac"
  },
  "git_rebase": {
    "revision": "d8a4207ebbc47bd78bacdf48f883db58283f9fd8"
  },
  "gitattributes": {
    "revision": "577a075d46ea109905c5cb6179809df88da61ce9"
  },
  "gitcommit": {
    "revision": "f71b93f399c9c2b315825827c95466e7405ec622"
  },
  "gitignore": {
    "revision": "f4685bf11ac466dd278449bcfe5fd014e94aa504"
  },
  "gleam": {
    "revision": "cfcbca3f8f734773878e00d7bfcedea98eb10be2"
  },
  "glimmer": {
    "revision": "40cfb72a53654cbd666451ca04ffd500257c7b73"
  },
  "glsl": {
    "revision": "e2c2214045de2628b81089b1a739962f59654558"
  },
  "go": {
    "revision": "64457ea6b73ef5422ed1687178d4545c3e91334a"
  },
  "godot_resource": {
    "revision": "b6ef0768711086a86b3297056f9ffb5cc1d77b4a"
  },
  "gomod": {
    "revision": "4a65743dbc2bb3094114dd2b43da03c820aa5234"
  },
  "gosum": {
    "revision": "14da5c2a34861eb2d97ed89f39324156031e8878"
  },
  "gowork": {
    "revision": "949a8a470559543857a62102c84700d291fc984c"
  },
  "graphql": {
    "revision": "5e66e961eee421786bdda8495ed1db045e06b5fe"
  },
  "hack": {
    "revision": "b7bd6928532ada34dddb1dece4a158ab62c6e783"
  },
  "haskell": {
    "revision": "0da7f826e85b3e589e217adf69a6fd89ee4301b9"
  },
  "hcl": {
    "revision": "0ff887f2a60a147452d52db060de6b42f42f1441"
  },
  "heex": {
    "revision": "2e1348c3cf2c9323e87c2744796cf3f3868aa82a"
  },
  "help": {
    "revision": "8f75ef3ec86bc315d5fdb939899b397289389181"
  },
  "hjson": {
    "revision": "02fa3b79b3ff9a296066da6277adfc3f26cbc9e0"
  },
  "hlsl": {
    "revision": "306d48516a6b3dbb18a184692e8edffa8403018f"
  },
  "hocon": {
    "revision": "c390f10519ae69fdb03b3e5764f5592fb6924bcc"
  },
  "html": {
    "revision": "29f53d8f4f2335e61bf6418ab8958dac3282077a"
  },
  "htmldjango": {
    "revision": "b2dba02eddab66be669022320273d0dfe1ff923d"
  },
  "http": {
    "revision": "2c6c44574031263326cb1e51658bbc0c084326e7"
  },
  "ini": {
    "revision": "1a0ce072ebf3afac7d5603d9a95bb7c9a6709b44"
  },
  "java": {
    "revision": "3c24aa9365985830421a3a7b6791b415961ea770"
  },
  "javascript": {
    "revision": "5720b249490b3c17245ba772f6be4a43edb4e3b7"
  },
  "jq": {
    "revision": "13990f530e8e6709b7978503da9bc8701d366791"
  },
  "jsdoc": {
    "revision": "189a6a4829beb9cdbe837260653b4a3dfb0cc3db"
  },
  "json": {
    "revision": "73076754005a460947cafe8e03a8cf5fa4fa2938"
  },
  "json5": {
    "revision": "5dd5cdc418d9659682556b6adca2dd9ace0ac6d2"
  },
  "jsonc": {
    "revision": "02b01653c8a1c198ae7287d566efa86a135b30d5"
  },
  "jsonnet": {
    "revision": "fdc775714afa27fdef823adbaba6ab98f5ae66f2"
  },
  "julia": {
    "revision": "e2f449e2bcc95f1d07ceb62d67f986005f73a6be"
  },
  "kdl": {
    "revision": "e36f054a60c4d9e5ae29567d439fdb8790b53b30"
  },
  "kotlin": {
    "revision": "e4637037a5fe6f25fe66c305669faa0855f35692"
  },
  "lalrpop": {
    "revision": "7744b56f03ac1e5643fad23c9dd90837fe97291e"
  },
  "latex": {
    "revision": "376f64097b7a26691a2ca60dc94e4dfa417be932"
  },
  "ledger": {
    "revision": "f787ae635ca79589faa25477b94291a87e2d3e23"
  },
  "llvm": {
    "revision": "e9948edc41e9e5869af99dddb2b5ff5cc5581af6"
  },
  "lua": {
    "revision": "0fc89962b7ff5c7d676b8592c1cbce1ceaa806fd"
  },
  "luap": {
    "revision": "bfb38d254f380362e26b5c559a4086ba6e92ba77"
  },
  "m68k": {
    "revision": "d097b123f19c6eaba2bf181c05420d88b9fc489d"
  },
  "make": {
    "revision": "a4b9187417d6be349ee5fd4b6e77b4172c6827dd"
  },
  "markdown": {
    "revision": "fa6bfd51727e4bef99f7eec5f43947f73d64ea7d"
  },
  "markdown_inline": {
    "revision": "fa6bfd51727e4bef99f7eec5f43947f73d64ea7d"
  },
  "matlab": {
    "revision": "2d5d3d5193718a86477d4335aba5b34e79147326"
  },
  "menhir": {
    "revision": "db7953acb0d5551f207373c81fa07a57d7b085cb"
  },
  "mermaid": {
    "revision": "d787c66276e7e95899230539f556e8b83ee16f6d"
  },
  "meson": {
    "revision": "3d6dfbdb2432603bc84ca7dc009bb39ed9a8a7b1"
  },
  "nickel": {
    "revision": "d6c7eeb751038f934b5b1aa7ff236376d0235c56"
  },
  "ninja": {
    "revision": "0a95cfdc0745b6ae82f60d3a339b37f19b7b9267"
  },
  "nix": {
    "revision": "6b71a810c0acd49b980c50fc79092561f7cee307"
  },
  "norg": {
    "revision": "1a305093569632de50f9a316ff843dcda25b4ef5"
  },
  "ocaml": {
    "revision": "f1106bf834703f1f2f795da1a3b5f8f40174ffcc"
  },
  "ocaml_interface": {
    "revision": "f1106bf834703f1f2f795da1a3b5f8f40174ffcc"
  },
  "ocamllex": {
    "revision": "ac1d5957e719d49bd6acd27439b79843e4daf8ed"
  },
  "org": {
    "revision": "081179c52b3e8175af62b9b91dc099d010c38770"
  },
  "pascal": {
    "revision": "9e995404ddff8319631d72d4b46552e737206912"
  },
  "passwd": {
    "revision": "20239395eacdc2e0923a7e5683ad3605aee7b716"
  },
  "perl": {
    "revision": "ff1f0ac0f1c678a23f68d0140e75a0da8e11b7b5"
  },
  "php": {
    "revision": "f860e598194f4a71747f91789bf536b393ad4a56"
  },
  "phpdoc": {
    "revision": "2f4d16c861b5a454b577d057f247f9902d7b47f5"
  },
  "pioasm": {
    "revision": "924aadaf5dea2a6074d72027b064f939acf32e20"
  },
  "po": {
    "revision": "d6aed225290bc71a15ab6f06305cb11419360c56"
  },
  "poe_filter": {
    "revision": "80dc10195e26c72598ed1ab02cdf2d8e4c792e7b"
  },
  "prisma": {
    "revision": "eca2596a355b1a9952b4f80f8f9caed300a272b5"
  },
  "proto": {
    "revision": "42d82fa18f8afe59b5fc0b16c207ee4f84cb185f"
  },
  "prql": {
    "revision": "5f6c4e4a90633b19e2077c1d37248989789d64be"
  },
  "pug": {
    "revision": "884e225b5ecca5d885ae627275f16ef648acd42e"
  },
  "python": {
    "revision": "62827156d01c74dc1538266344e788da74536b8a"
  },
  "ql": {
    "revision": "bd087020f0d8c183080ca615d38de0ec827aeeaf"
  },
  "qmldir": {
    "revision": "6b2b5e41734bd6f07ea4c36ac20fb6f14061c841"
  },
  "qmljs": {
    "revision": "ab75be9750e6f2f804638824d1790034286a830c"
  },
  "query": {
    "revision": "0717de07078a20a8608c98ad5f26c208949d0e15"
  },
  "r": {
    "revision": "80efda55672d1293aa738f956c7ae384ecdc31b4"
  },
  "racket": {
    "revision": "c2f7baa22053a66b4dba852cdba3f14f34bb6985"
  },
  "rasi": {
    "revision": "5f04634dd4e12de4574c4a3dc9d6d5d4da4a2a1b"
  },
  "regex": {
    "revision": "e1cfca3c79896ff79842f057ea13e529b66af636"
  },
  "rego": {
    "revision": "b2667c975f07b33be3ceb83bea5cfbad88095866"
  },
  "rnoweb": {
    "revision": "502c1126dc6777f09af5bef16e72a42f75bd081e"
  },
  "ron": {
    "revision": "ce6086b2c9e8e71065b8129d6c2289c5f66d1879"
  },
  "rst": {
    "revision": "25e6328872ac3a764ba8b926aea12719741103f1"
  },
  "ruby": {
    "revision": "206c7077164372c596ffa8eaadb9435c28941364"
  },
  "rust": {
    "revision": "fbf9e507d09d8b3c0bb9dfc4d46c31039a47dc4a"
  },
  "scala": {
    "revision": "2275b754360de8539e02e84106fa38f7cb6de275"
  },
  "scheme": {
    "revision": "67b90a365bebf4406af4e5a546d6336de787e135"
  },
  "scss": {
    "revision": "c478c6868648eff49eb04a4df90d703dc45b312a"
  },
  "slint": {
    "revision": "07547525cdf4627343dca5891f1743ae45e879bb"
  },
  "smali": {
    "revision": "a67a429784dafa0ca4342d71e6530137ca803883"
  },
  "smithy": {
    "revision": "cf8c7eb9faf7c7049839585eac19c94af231e6a0"
  },
  "solidity": {
    "revision": "168020304759ad5d8b4a88a541a699134e3730c5"
  },
  "sparql": {
    "revision": "05f949d3c1c15e3261473a244d3ce87777374dec"
  },
  "sql": {
    "revision": "1cb7c7a11015983f6d173847d5a3574f8e20107b"
  },
  "starlark": {
    "revision": "8ad93a74c2a880bc16325affba3cc66c14bb2bde"
  },
  "supercollider": {
    "revision": "90c6d9f777d2b8c4ce497c48b5f270a44bcf3ea0"
  },
  "surface": {
    "revision": "f4586b35ac8548667a9aaa4eae44456c1f43d032"
  },
  "svelte": {
    "revision": "52e122ae68b316d3aa960a0a422d3645ba717f42"
  },
  "swift": {
    "revision": "fe2e325a45056cdb3fcda821c03b8cef0d79e508"
  },
  "sxhkdrc": {
    "revision": "440d5f913d9465c9c776a1bd92334d32febcf065"
  },
  "t32": {
    "revision": "f8106fcf5a27f905b3d9d55d9cd3e910bea70c60"
  },
  "teal": {
    "revision": "2158ecce11ea542f9b791baf2c7fb33798174ed2"
  },
  "terraform": {
    "revision": "0ff887f2a60a147452d52db060de6b42f42f1441"
  },
  "thrift": {
    "revision": "e0c3e50e17846230e88becdce28fbb1b41dcabba"
  },
  "tiger": {
    "revision": "a233ebe360a73a92c50978e5c4e9e471bc59ff42"
  },
  "tlaplus": {
    "revision": "6d2ec894aef843fc89312c904e20c5f555aec4e3"
  },
  "todotxt": {
    "revision": "0207f6a4ab6aeafc4b091914d31d8235049a2578"
  },
  "toml": {
    "revision": "8bd2056818b21860e3d756b5a58c4f6e05fb744e"
  },
  "tsx": {
    "revision": "c6e56d44c686a67c89e29e773e662567285d610f"
  },
  "turtle": {
    "revision": "085437f5cb117703b7f520dd92161140a684f092"
  },
  "twig": {
    "revision": "2457993b13a06dec2706e6a6c3d5b65bb23024b8"
  },
  "typescript": {
    "revision": "c6e56d44c686a67c89e29e773e662567285d610f"
  },
  "ungrammar": {
    "revision": "debd26fed283d80456ebafa33a06957b0c52e451"
  },
  "v": {
    "revision": "66cf9d3086fb5ecc827cb32c64c5d812ab17d2c6"
  },
  "vala": {
    "revision": "8f690bfa639f2b83d1fb938ed3dd98a7ba453e8b"
  },
  "verilog": {
    "revision": "4457145e795b363f072463e697dfe2f6973c9a52"
  },
  "vhs": {
    "revision": "54fe7c05dfa2b9e100572496531e15c9bec86343"
  },
  "vim": {
    "revision": "e39a7bbcfdcfc7900629962b785c7e14503ae590"
  },
  "vue": {
    "revision": "91fe2754796cd8fba5f229505a23fa08f3546c06"
  },
  "wgsl": {
    "revision": "40259f3c77ea856841a4e0c4c807705f3e4a2b65"
  },
  "wgsl_bevy": {
    "revision": "7cd38d6895060b023353e04f7af099ec64add5d1"
  },
  "yaml": {
    "revision": "0e36bed171768908f331ff7dff9d956bae016efb"
  },
  "yang": {
    "revision": "2c0e6be8dd4dcb961c345fa35c309ad4f5bd3502"
  },
  "yuck": {
    "revision": "48af129ab5411cd6f7ae2b36f53c1192572fa030"
  },
  "zig": {
    "revision": "f3bc9ffe9ca10f52dee01999b5b6ce9a4074b0ac"
  }
}
